Interest_Code,Job_Zone,Code,Occupation,Featured
ECR,1,39-3091.00,Amusement and Recreation Attendants,Y
ECR,1,35-3023.01,Baristas,Y
EC,1,41-9091.00,"Door-to-Door Sales Workers, News and Street Vendors, and Related Workers",Y
RE,1,47-2051.00,Cement Masons and Concrete Finishers,Y
RIE,1,45-3031.00,Fishing and Hunting Workers,Y
ER,2,53-1041.00,Aircraft Cargo Handling Supervisors,Y
ECR,2,35-3011.00,Bartenders,Y
ESC,2,43-4051.00,Customer Service Representatives,Y
ECR,2,41-9011.00,Demonstrators and Product Promoters,Y
ERS,2,13-1074.00,Farm Labor Contractors,Y
ECR,2,35-1012.00,First-Line Supervisors of Food Preparation and Serving Workers,Y
ECR,2,39-1013.00,First-Line Supervisors of Gambling Services Workers,Y
ERC,2,53-1042.00,"First-Line Supervisors of Helpers, Laborers, and Material Movers, Hand",Y
ECR,2,37-1011.00,First-Line Supervisors of Housekeeping and Janitorial Workers,Y
ECR,2,53-1043.00,First-Line Supervisors of Material-Moving Machine and Vehicle Operators,Y
ECS,2,41-1011.00,First-Line Supervisors of Retail Sales Workers,Y
ESC,2,53-2031.00,Flight Attendants,Y
ECR,2,11-9051.00,Food Service Managers,Y
ES,2,35-9031.00,"Hosts and Hostesses, Restaurant, Lounge, and Coffee Shop",Y
ECR,2,41-2022.00,Parts Salespersons,Y
ECS,2,11-9131.00,Postmasters and Mail Superintendents,
ERC,2,53-4031.00,Railroad Conductors and Yardmasters,
EC,2,53-1042.01,Recycling Coordinators,Y
EC,2,33-9099.02,Retail Loss Prevention Specialists,Y
EC,2,41-2031.00,Retail Salespersons,Y
EC,2,41-9041.00,Telemarketers,
EC,2,39-7012.00,Travel Guides,Y
RE,2,35-2014.00,"Cooks, Restaurant",Y
RES,2,39-5092.00,Manicurists and Pedicurists,Y
EC,3,11-3012.00,Administrative Services Managers,Y
EC,3,53-2021.00,Air Traffic Controllers,
ECR,3,53-2022.00,Airfield Operations Specialists,Y
ERA,3,35-1011.00,Chefs and Head Cooks,Y
ECS,3,13-1041.00,Compliance Officers,Y
EC,3,13-1041.08,Customs Brokers,Y
EIC,3,33-3021.00,Detectives and Criminal Investigators,
ERC,3,47-1011.00,First-Line Supervisors of Construction Trades and Extraction Workers,Y
ECR,3,33-1011.00,First-Line Supervisors of Correctional Officers,
ERC,3,45-1011.00,"First-Line Supervisors of Farming, Fishing, and Forestry Workers",
ERS,3,33-1021.00,First-Line Supervisors of Firefighting and Prevention Workers,Y
ERC,3,37-1012.00,"First-Line Supervisors of Landscaping, Lawn Service, and Groundskeeping Workers",Y
ECR,3,49-1011.00,"First-Line Supervisors of Mechanics, Installers, and Repairers",Y
ECS,3,43-1011.00,First-Line Supervisors of Office and Administrative Support Workers,Y
ECS,3,39-1022.00,First-Line Supervisors of Personal Service Workers,Y
ESC,3,33-1012.00,First-Line Supervisors of Police and Detectives,Y
ERC,3,51-1011.00,First-Line Supervisors of Production and Operating Workers,
ECS,3,11-9171.00,Funeral Home Managers,
EC,3,11-9071.00,Gambling Managers,Y
EC,3,11-3051.02,Geothermal Production Managers,
EC,3,11-3051.06,Hydroelectric Production Managers,
ESC,3,39-4031.00,"Morticians, Undertakers, and Funeral Arrangers",
ECR,3,29-2081.00,"Opticians, Dispensing",Y
ERS,3,33-3051.00,Police and Sheriff's Patrol Officers,YP
EC,3,33-9021.00,Private Detectives and Investigators,Y
EC,3,41-9022.00,Real Estate Sales Agents,
ESR,3,39-5094.00,Skincare Specialists,Y
ER,3,47-1011.03,Solar Energy Installation Managers,Y
ECR,3,41-4011.07,Solar Sales Representatives and Assessors,Y
ECS,3,11-9179.02,Spa Managers,
EC,3,41-3041.00,Travel Agents,
EC,3,13-1022.00,"Wholesale and Retail Buyers, Except Farm Products",
ECR,3,11-9199.09,Wind Energy Operations Managers,
EAC,4,11-2011.00,Advertising and Promotions Managers,
ECA,4,41-3011.00,Advertising Sales Agents,
ES,4,13-1011.00,"Agents and Business Managers of Artists, Performers, and Athletes",Y
ECR,4,13-2023.00,Appraisers and Assessors of Real Estate,
ECR,4,11-3051.03,Biofuels Production Managers,
EI,4,11-9041.01,Biofuels/Biodiesel Technology and Product Development Managers,
ECR,4,11-3051.04,Biomass Power Plant Managers,
EIC,4,11-9199.11,Brownfield Redevelopment Specialists and Site Managers,
EIC,4,13-1199.04,Business Continuity Planners,
ECR,4,13-1021.00,"Buyers and Purchasing Agents, Farm Products",
EIC,4,11-9121.01,Clinical Research Coordinators,Y
ECS,4,11-3111.00,Compensation and Benefits Managers,
ECI,4,11-3021.00,Computer and Information Systems Managers,Y
ERC,4,11-9021.00,Construction Managers,Y
ESC,4,13-2071.00,Credit Counselors,
ESC,4,21-2021.00,"Directors, Religious Activities and Education",
ERC,4,11-9013.00,"Farmers, Ranchers, and Other Agricultural Managers",
EC,4,13-2061.00,Financial Examiners,
ECS,4,11-3031.00,Financial Managers,Y
ECS,4,41-1012.00,First-Line Supervisors of Non-Retail Sales Workers,
ES,4,11-9179.01,Fitness and Wellness Coordinators,
EIC,4,13-2099.04,"Fraud Examiners, Investigators and Analysts",Y
ECA,4,13-1131.00,Fundraisers,Y
ECS,4,11-1021.00,General and Operations Managers,Y
ESC,4,11-3121.00,Human Resources Managers,Y
ECS,4,13-1071.00,Human Resources Specialists,
EC,4,11-3051.00,Industrial Production Managers,
EC,4,15-1299.09,Information Technology Project Managers,Y
ECS,4,41-3021.00,Insurance Sales Agents,Y
ECS,4,13-1075.00,Labor Relations Specialists,
ES,4,11-1031.00,Legislators,
ECS,4,11-9081.00,Lodging Managers,
EC,4,13-1081.00,Logisticians,
EC,4,11-9199.08,Loss Prevention Managers,
EC,4,11-2021.00,Marketing Managers,Y
ECA,4,27-2012.03,Media Programming Directors,Y
ERC,4,27-2012.05,Media Technical Directors/Managers,
ECS,4,11-9111.00,Medical and Health Services Managers,Y
ECS,4,13-1121.00,"Meeting, Convention, and Event Planners",
ECR,4,13-1199.06,Online Merchants,Y
ECS,4,13-2052.00,Personal Financial Advisors,
EAS,4,27-2012.00,Producers and Directors,Y
EC,4,11-9141.00,"Property, Real Estate, and Community Association Managers",
EAS,4,27-3031.00,Public Relations Specialists,Y
EC,4,11-3061.00,Purchasing Managers,
ECR,4,11-3051.01,Quality Control Systems Managers,
EC,4,41-9021.00,Real Estate Brokers,
EC,4,11-9199.01,Regulatory Affairs Managers,
ERI,4,41-9031.00,Sales Engineers,
EC,4,11-2022.00,Sales Managers,
EC,4,41-4011.00,"Sales Representatives, Wholesale and Manufacturing, Technical and Scientific Products",
EIC,4,13-1161.01,Search Marketing Strategists,Y
ECS,4,41-3031.00,"Securities, Commodities, and Financial Services Sales Agents",
ES,4,11-9151.00,Social and Community Service Managers,Y
EC,4,11-3071.04,Supply Chain Managers,
EIA,4,13-1199.05,Sustainability Specialists,Y
EA,4,27-2012.04,Talent Directors,
ES,4,11-3131.00,Training and Development Managers,Y
ECR,4,11-3071.00,"Transportation, Storage, and Distribution Managers",
ECI,4,11-9199.10,Wind Energy Development Managers,
EAC,4,27-3043.00,Writers and Authors,
IEC,4,13-1111.00,Management Analysts,Y
EIS,5,23-1021.00,"Administrative Law Judges, Adjudicators, and Hearing Officers",Y
ERI,5,11-9041.00,Architectural and Engineering Managers,Y
EC,5,11-1011.00,Chief Executives,Y
ECI,5,11-1011.03,Chief Sustainability Officers,Y
ESC,5,29-1141.04,Clinical Nurse Specialists,Y
EC,5,25-4012.00,Curators,Y
ESC,5,11-9032.00,"Education Administrators, Kindergarten through Secondary",Y
ECS,5,11-9033.00,"Education Administrators, Postsecondary",Y
EC,5,11-3031.03,Investment Fund Managers,Y
ES,5,23-1023.00,"Judges, Magistrate Judges, and Magistrates",Y
EI,5,23-1011.00,Lawyers,Y
EI,5,11-9121.00,Natural Sciences Managers,Y
SE,5,23-1022.00,"Arbitrators, Mediators, and Conciliators",Y
SEI,5,25-1011.00,"Business Teachers, Postsecondary",Y
SEA,5,21-2011.00,Clergy,Y
IEC,5,19-3011.01,Environmental Economists,Y
IE,5,19-2041.03,Industrial Ecologists,Y
IEA,5,19-3051.00,Urban and Regional Planners,Y
ECR,1,39-3091.00,Amusement and Recreation Attendants,Y
ECR,1,35-3023.01,Baristas,Y
RC,1,53-7011.00,Conveyor Operators and Tenders,Y
RC,1,35-2011.00,"Cooks, Fast Food",Y
RC,1,51-9031.00,"Cutters and Trimmers, Hand",Y
RCI,1,47-5011.00,"Derrick Operators, Oil and Gas",Y
RCS,1,35-9011.00,Dining Room and Cafeteria Attendants and Bartender Helpers,Y
RC,1,35-9021.00,Dishwashers,Y
EC,1,41-9091.00,"Door-to-Door Sales Workers, News and Street Vendors, and Related Workers",Y
RC,1,45-4021.00,Fallers,Y
RC,1,45-2092.00,"Farmworkers and Laborers, Crop, Nursery, and Greenhouse",Y
RCS,1,35-3023.00,Fast Food and Counter Workers,Y
RC,1,35-2021.00,Food Preparation Workers,Y
RC,1,51-9022.00,"Grinding and Polishing Workers, Hand",Y
RC,1,47-3014.00,"Helpers--Painters, Paperhangers, Plasterers, and Stucco Masons",Y
RC,1,37-3011.00,Landscaping and Groundskeeping Workers,Y
RC,1,51-6011.00,Laundry and Dry-Cleaning Workers,Y
RC,1,37-2012.00,Maids and Housekeeping Cleaners,Y
RC,1,47-5051.00,"Rock Splitters, Quarry",Y
RC,1,51-6031.00,Sewing Machine Operators,Y
CE,2,43-3011.00,Bill and Account Collectors,
CER,2,43-5011.00,Cargo and Freight Agents,Y
CE,2,41-2011.00,Cashiers,Y
CE,2,43-4021.00,Correspondence Clerks,
CR,2,39-3092.00,Costume Attendants,Y
CE,2,41-2021.00,Counter and Rental Clerks,Y
CES,2,43-4031.00,"Court, Municipal, and License Clerks",Y
CES,2,43-4041.00,"Credit Authorizers, Checkers, and Clerks",
CRE,2,43-9021.00,Data Entry Keyers,
CRE,2,43-5032.00,"Dispatchers, Except Police, Fire, and Ambulance",
CRE,2,43-4071.00,File Clerks,
CE,2,43-5011.01,Freight Forwarders,Y
CER,2,39-3012.00,Gambling and Sports Book Writers and Runners,
CER,2,43-3041.00,Gambling Cage Workers,Y
CER,2,41-2012.00,Gambling Change Persons and Booth Cashiers,
CER,2,39-3011.00,Gambling Dealers,Y
CES,2,43-4081.00,"Hotel, Motel, and Resort Desk Clerks",Y
CR,2,51-9061.00,"Inspectors, Testers, Sorters, Samplers, and Weighers",
CES,2,43-9041.00,Insurance Claims and Policy Processing Clerks,
CRS,2,43-4121.00,"Library Assistants, Clerical",
CR,2,43-9051.00,"Mail Clerks and Mail Machine Operators, Except Postal Service",
CS,2,43-6013.00,Medical Secretaries and Administrative Assistants,Y
CR,2,43-5041.00,"Meter Readers, Utilities",
CER,2,43-9061.00,"Office Clerks, General",Y
CES,2,43-4151.00,Order Clerks,
CRS,2,31-1132.00,Orderlies,Y
CR,2,31-9095.00,Pharmacy Aides,
CR,2,51-9151.00,Photographic Process Workers and Processing Machine Operators,
CR,2,43-5051.00,Postal Service Clerks,
CR,2,43-5052.00,Postal Service Mail Carriers,
CR,2,43-5053.00,"Postal Service Mail Sorters, Processors, and Processing Machine Operators",
CE,2,43-3061.00,Procurement Clerks,
CE,2,43-5061.00,"Production, Planning, and Expediting Clerks",Y
CRE,2,43-5031.00,Public Safety Telecommunicators,Y
CES,2,43-4171.00,Receptionists and Information Clerks,Y
CES,2,43-4181.00,Reservation and Transportation Ticket Agents and Travel Clerks,
CE,2,43-6014.00,"Secretaries and Administrative Assistants, Except Legal, Medical, and Executive",Y
CRE,2,43-5071.00,"Shipping, Receiving, and Inventory Clerks",Y
CRE,2,53-7065.00,Stockers and Order Fillers,Y
CES,2,43-2011.00,"Switchboard Operators, Including Answering Service",
CSR,2,43-2021.00,Telephone Operators,
CE,2,43-3071.00,Tellers,Y
CER,2,23-2093.00,"Title Examiners, Abstractors, and Searchers",Y
CR,2,43-5111.00,"Weighers, Measurers, Checkers, and Samplers, Recordkeeping",Y
CE,2,43-9022.00,Word Processors and Typists,
CES,3,43-3021.00,Billing and Posting Clerks,
CE,3,43-3031.00,"Bookkeeping, Accounting, and Auditing Clerks",Y
CE,3,43-4011.00,Brokerage Clerks,Y
CIR,3,51-9162.00,Computer Numerically Controlled Tool Programmers,Y
CE,3,27-3092.00,Court Reporters and Simultaneous Captioners,Y
CER,3,33-3051.04,Customs and Border Protection Officers,Y
CRS,3,31-9091.00,Dental Assistants,Y
CE,3,47-4011.01,Energy Auditors,Y
CE,3,43-6011.00,Executive Secretaries and Executive Administrative Assistants,
CER,3,13-1041.04,Government Property Inspectors and Investigators,Y
CES,3,43-4161.00,"Human Resources Assistants, Except Payroll and Timekeeping",
CRE,3,13-1032.00,"Insurance Appraisers, Auto Damage",
CES,3,43-4111.00,"Interviewers, Except Eligibility and Loan",
CE,3,43-6012.00,Legal Secretaries and Administrative Assistants,
CSE,3,25-4031.00,Library Technicians,
CE,3,43-4131.00,Loan Interviewers and Clerks,Y
CR,3,31-9094.00,Medical Transcriptionists,
CES,3,43-4141.00,New Accounts Clerks,
CR,3,19-5012.00,Occupational Health and Safety Technicians,Y
CSR,3,29-2057.00,Ophthalmic Medical Technicians,Y
CRI,3,29-2099.05,Ophthalmic Medical Technologists,Y
CIE,3,23-2011.00,Paralegals and Legal Assistants,Y
CE,3,43-3051.00,Payroll and Timekeeping Clerks,
CR,3,29-2052.00,Pharmacy Technicians,Y
CRI,3,31-9097.00,Phlebotomists,Y
CRI,3,33-3021.02,Police Identification and Records Officers,
CIR,3,19-4099.01,Quality Control Analysts,Y
CSR,3,29-9093.00,Surgical Assistants,Y
CRI,3,17-3031.00,Surveying and Mapping Technicians,Y
CE,3,13-2081.00,"Tax Examiners and Collectors, and Revenue Agents",
CE,3,13-2082.00,Tax Preparers,
CIR,3,15-1254.00,Web Developers,Y
CEI,4,13-2011.00,Accountants and Auditors,Y
CIE,4,15-2011.00,Actuaries,Y
CEI,4,13-2031.00,Budget Analysts,Y
CEI,4,13-1031.00,"Claims Adjusters, Examiners, and Investigators",Y
CI,4,15-2051.02,Clinical Data Managers,Y
CE,4,13-1141.00,"Compensation, Benefits, and Job Analysis Specialists",Y
CER,4,11-9199.02,Compliance Managers,
CE,4,13-1051.00,Cost Estimators,
CE,4,13-2041.00,Credit Analysts,
CI,4,15-1242.00,Database Administrators,Y
C,4,15-1299.03,Document Management Specialists,Y
CIR,4,13-1041.01,Environmental Compliance Inspectors,Y
CIR,4,15-1212.00,Information Security Analysts,Y
CEI,4,13-2053.00,Insurance Underwriters,
CES,4,13-2072.00,Loan Officers,Y
CEI,4,13-1081.02,Logistics Analysts,Y
CA,4,43-9081.00,Proofreaders and Copy Markers,Y
CE,4,13-1023.00,"Purchasing Agents, Except Wholesale, Retail, and Farm Products",
CE,4,13-1041.07,Regulatory Affairs Specialists,Y
CE,4,41-4012.00,"Sales Representatives, Wholesale and Manufacturing, Except Technical and Scientific Products",Y
CSE,4,21-1093.00,Social and Human Service Assistants,Y
CI,4,19-4061.00,Social Science Research Assistants,Y
CI,4,43-9111.00,Statistical Assistants,Y
CE,4,11-3031.01,Treasurers and Controllers,Y
CEI,4,15-1299.01,Web Administrators,Y
ECS,4,11-9111.00,Medical and Health Services Managers,Y
CI,5,25-4011.00,Archivists,Y
CEI,5,23-1012.00,Judicial Law Clerks,Y
CSR,5,25-4022.00,Librarians and Media Collections Specialists,Y
CI,5,15-2041.00,Statisticians,Y
ICR,5,19-1029.01,Bioinformatics Scientists,Y
IC,5,15-2041.01,Biostatisticians,Y
EC,5,11-1011.00,Chief Executives,Y
ECI,5,11-1011.03,Chief Sustainability Officers,Y
EC,5,25-4012.00,Curators,Y
ICE,5,19-3011.00,Economists,Y
ECS,5,11-9033.00,"Education Administrators, Postsecondary",Y
IC,5,13-2099.01,Financial Quantitative Analysts,Y
EC,5,11-3031.03,Investment Fund Managers,Y
ICA,5,15-2021.00,Mathematicians,Y
ICE,5,15-2031.00,Operations Research Analysts,Y
ICS,5,29-1051.00,Pharmacists,Y
ICE,5,19-3022.00,Survey Researchers,Y
SC,5,25-9044.00,"Teaching Assistants, Postsecondary",Y
ESC,5,29-1141.04,Clinical Nurse Specialists,Y
AE,2,27-2011.00,Actors,Y
AER,2,27-1023.00,Floral Designers,Y
AER,2,41-9012.00,Models,Y
SA,2,39-9011.00,Childcare Workers,Y
RA,2,51-7021.00,Furniture Finishers,Y
SAE,2,39-9011.01,Nannies,Y
RAC,2,51-6051.00,"Sewers, Hand",Y
RA,2,51-9195.03,"Stone Cutters and Carvers, Manufacturing",Y
RAE,2,51-6052.00,"Tailors, Dressmakers, and Custom Sewers",Y
RCA,2,51-9195.04,"Glass Blowers, Molders, Benders, and Finishers",Y
RCA,2,51-6041.00,Shoe and Leather Workers and Repairers,Y
RCA,2,47-2044.00,Tile and Stone Setters,Y
ARC,3,35-2013.00,"Cooks, Private Household",Y
ARE,3,27-1012.00,Craft Artists,Y
AR,3,27-2031.00,Dancers,Y
AIC,3,43-9031.00,Desktop Publishers,Y
AER,3,27-1022.00,Fashion Designers,Y
AR,3,27-1013.00,"Fine Artists, Including Painters, Sculptors, and Illustrators",Y
AES,3,39-5012.00,"Hairdressers, Hairstylists, and Cosmetologists",Y
AR,3,39-5091.00,"Makeup Artists, Theatrical and Performance",Y
AER,3,27-1026.00,Merchandise Displayers and Window Trimmers,Y
AR,3,27-4021.00,Photographers,Y
RA,3,27-4031.00,"Camera Operators, Television, Video, and Film",Y
RAC,3,51-6092.00,Fabric and Apparel Patternmakers,Y
RAC,3,51-9071.00,Jewelers and Precious Stone and Metal Workers,Y
RAI,3,49-9063.00,Musical Instrument Repairers and Tuners,Y
RA,3,51-9195.05,"Potters, Manufacturing",Y
SA,3,25-2011.00,"Preschool Teachers, Except Special Education",Y
SAE,3,25-3021.00,Self-Enrichment Teachers,Y
RA,3,27-4014.00,Sound Engineering Technicians,Y
ERA,3,35-1011.00,Chefs and Head Cooks,Y
AE,4,27-1011.00,Art Directors,Y
AES,4,27-3011.00,Broadcast Announcers and Radio Disc Jockeys,Y
ASE,4,27-2032.00,Choreographers,Y
AER,4,27-1021.00,Commercial and Industrial Designers,Y
AEC,4,27-3041.00,Editors,Y
AEI,4,27-4032.00,Film and Video Editors,Y
ARE,4,27-1024.00,Graphic Designers,Y
AE,4,27-1025.00,Interior Designers,Y
AS,4,27-3091.00,Interpreters and Translators,Y
AIR,4,17-1012.00,Landscape Architects,Y
AES,4,27-2041.00,Music Directors and Composers,Y
AES,4,27-2042.00,Musicians and Singers,Y
AEI,4,27-3023.00,"News Analysts, Reporters, and Journalists",Y
AI,4,27-3043.05,"Poets, Lyricists and Creative Writers",Y
AI,4,27-1014.00,Special Effects Artists and Animators,Y
AIC,4,27-3042.00,Technical Writers,Y
AE,4,15-1255.01,Video Game Designers,Y
RA,4,25-4013.00,Museum Technicians and Conservators,Y
EAS,4,27-3031.00,Public Relations Specialists,Y
SA,4,29-1125.00,Recreational Therapists,Y
SAC,4,13-1151.00,Training and Development Specialists,Y
AI,5,17-1011.00,"Architects, Except Landscape and Naval",Y
AR,5,27-1027.00,Set and Exhibit Designers,Y
IAR,5,19-3091.00,Anthropologists and Archeologists,Y
SA,5,25-1031.00,"Architecture Teachers, Postsecondary",Y
SAI,5,29-1129.01,Art Therapists,Y
SA,5,25-1121.00,"Art, Drama, and Music Teachers, Postsecondary",Y
IAR,5,19-2011.00,Astronomers,Y
IAR,5,19-1021.00,Biochemists and Biophysicists,Y
SA,5,25-1122.00,"Communications Teachers, Postsecondary",Y
SAI,5,25-1081.00,"Education Teachers, Postsecondary",Y
SAI,5,25-1123.00,"English Language and Literature Teachers, Postsecondary",Y
SAI,5,25-1124.00,"Foreign Language and Literature Teachers, Postsecondary",Y
IAR,5,19-1029.03,Geneticists,Y
SAI,5,21-1013.00,Marriage and Family Therapists,Y
SAI,5,25-1126.00,"Philosophy and Religion Teachers, Postsecondary",Y
IAS,5,19-3094.00,Political Scientists,Y
IAS,5,19-3041.00,Sociologists,Y
SA,5,25-2051.00,"Special Education Teachers, Preschool",Y
SAI,5,21-1011.00,Substance Abuse and Behavioral Disorder Counselors,Y
IEA,5,19-3051.00,Urban and Regional Planners,Y
ICR,4,17-1022.01,Geodetic Surveyors,
IRC,4,15-1299.02,Geographic Information Systems Technologists and Technicians,Y
IRC,4,17-2111.00,"Health and Safety Engineers, Except Mining Safety Engineers and Inspectors",
ICE,4,17-2112.00,Industrial Engineers,Y
ICE,4,33-3021.06,Intelligence Analysts,
ICR,4,13-1081.01,Logistics Engineers,
IEC,4,13-1111.00,Management Analysts,Y
IRA,4,17-2121.00,Marine Engineers and Naval Architects,
IEC,4,13-1161.00,Market Research Analysts and Marketing Specialists,Y
IRE,4,17-2131.00,Materials Engineers,
IRC,4,17-2141.00,Mechanical Engineers,Y
IRC,4,17-2199.05,Mechatronics Engineers,
IRC,4,29-2011.00,Medical and Clinical Laboratory Technologists,Y
IRE,4,17-2151.00,"Mining and Geological Engineers, Including Mining Safety Engineers",
IRC,4,15-1244.00,Network and Computer Systems Administrators,Y
IRC,4,17-2161.00,Nuclear Engineers,
IC,4,19-5011.00,Occupational Health and Safety Specialists,Y
IRC,4,17-2171.00,Petroleum Engineers,
IRC,4,17-2199.07,Photonics Engineers,
IRC,4,17-2199.08,Robotics Engineers,
ICR,4,15-1253.00,Software Quality Assurance Analysts and Testers,Y
ICR,4,19-3099.01,Transportation Planners,
IRC,4,17-2112.02,Validation Engineers,
IEC,4,11-9121.02,Water Resource Specialists,Y
IRE,4,17-2051.02,Water/Wastewater Engineers,
ISR,5,29-1229.01,Allergists and Immunologists,
IRS,5,29-1211.00,Anesthesiologists,
IR,5,19-1011.00,Animal Scientists,Y
IAR,5,19-3091.00,Anthropologists and Archeologists,
IAR,5,19-2011.00,Astronomers,
IS,5,29-1181.00,Audiologists,Y
IAR,5,19-1021.00,Biochemists and Biophysicists,
ICR,5,19-1029.01,Bioinformatics Scientists,
IR,5,19-1029.04,Biologists,
IC,5,15-2041.01,Biostatisticians,Y
IE,5,19-2041.01,Climate Change Policy Analysts,
ISA,5,19-3033.00,Clinical and Counseling Psychologists,
IRC,5,15-1221.00,Computer and Information Research Scientists,Y
IR,5,29-2011.02,Cytotechnologists,
IRS,5,29-1021.00,"Dentists, General",
ISR,5,29-1213.00,Dermatologists,
IS,5,29-1031.00,Dietitians and Nutritionists,Y
ICE,5,19-3011.00,Economists,
IEC,5,19-3011.01,Environmental Economists,Y
IRE,5,19-2041.02,Environmental Restoration Planners,Y
IS,5,19-1041.00,Epidemiologists,
IS,5,29-1215.00,Family Medicine Physicians,Y
IC,5,13-2099.01,Financial Quantitative Analysts,Y
ISR,5,29-1216.00,General Internal Medicine Physicians,
IAR,5,19-1029.03,Geneticists,
IRA,5,19-3092.00,Geographers,
IR,5,19-2042.00,"Geoscientists, Except Hydrologists and Geographers",
I,5,19-3093.00,Historians,
IR,5,17-2112.01,Human Factors Engineers and Ergonomists,Y
IR,5,19-2043.00,Hydrologists,
IE,5,19-2041.03,Industrial Ecologists,Y
IEA,5,19-3032.00,Industrial-Organizational Psychologists,
IR,5,19-2032.00,Materials Scientists,
ICA,5,15-2021.00,Mathematicians,
IRA,5,19-1042.00,"Medical Scientists, Except Epidemiologists",
IR,5,19-1022.00,Microbiologists,
IRC,5,17-2199.06,Microsystems Engineers,
IRA,5,19-1029.02,Molecular and Cellular Biologists,
IRE,5,17-2199.09,Nanosystems Engineers,
IS,5,29-1299.01,Naturopathic Physicians,
ISR,5,29-1217.00,Neurologists,
IRS,5,29-1151.00,Nurse Anesthetists,Y
ISR,5,29-1218.00,Obstetricians and Gynecologists,
ICE,5,15-2031.00,Operations Research Analysts,Y
ISR,5,29-1241.00,"Ophthalmologists, Except Pediatric",
ISR,5,29-1041.00,Optometrists,
IRS,5,29-1023.00,Orthodontists,
ISR,5,29-1299.02,Orthoptists,
IS,5,29-1221.00,"Pediatricians, General",
ICS,5,29-1051.00,Pharmacists,
ISR,5,29-1229.04,Physical Medicine and Rehabilitation Physicians,
IR,5,29-1222.00,"Physicians, Pathologists",
IR,5,19-2012.00,Physicists,Y
ISR,5,29-1081.00,Podiatrists,
IAS,5,19-3094.00,Political Scientists,Y
IR,5,29-1024.00,Prosthodontists,
ISA,5,29-1223.00,Psychiatrists,Y
IRS,5,29-1224.00,Radiologists,
IS,5,19-3034.00,School Psychologists,
IAS,5,19-3041.00,Sociologists,
IR,5,19-1013.00,Soil and Plant Scientists,Y
ISR,5,29-1229.06,Sports Medicine Physicians,
ICE,5,19-3022.00,Survey Researchers,
IEA,5,19-3051.00,Urban and Regional Planners,Y
ISR,5,29-1229.03,Urologists,
IR,5,29-1131.00,Veterinarians,Y
IR,5,19-1023.00,Zoologists and Wildlife Biologists,
R,1,45-2091.00,Agricultural Equipment Operators,Y
RE,1,47-2051.00,Cement Masons and Concrete Finishers,Y
RC,1,53-7011.00,Conveyor Operators and Tenders,
RC,1,35-2011.00,"Cooks, Fast Food",Y
RC,1,51-9031.00,"Cutters and Trimmers, Hand",
RCI,1,47-5011.00,"Derrick Operators, Oil and Gas",Y
RCS,1,35-9011.00,Dining Room and Cafeteria Attendants and Bartender Helpers,Y
RC,1,35-9021.00,Dishwashers,Y
RC,1,45-4021.00,Fallers,
RC,1,45-2092.00,"Farmworkers and Laborers, Crop, Nursery, and Greenhouse",Y
RCS,1,35-3023.00,Fast Food and Counter Workers,Y
RIE,1,45-3031.00,Fishing and Hunting Workers,Y
R,1,47-2043.00,Floor Sanders and Finishers,
RC,1,35-2021.00,Food Preparation Workers,Y
RC,1,45-2041.00,"Graders and Sorters, Agricultural Products",
RC,1,51-9022.00,"Grinding and Polishing Workers, Hand",
RC,1,47-3014.00,"Helpers--Painters, Paperhangers, Plasterers, and Stucco Masons",Y
RC,1,37-3011.00,Landscaping and Groundskeeping Workers,Y
RC,1,51-6011.00,Laundry and Dry-Cleaning Workers,Y
RIC,1,45-4022.00,Logging Equipment Operators,Y
RC,1,37-2012.00,Maids and Housekeeping Cleaners,Y
R,1,51-3022.00,"Meat, Poultry, and Fish Cutters and Trimmers",Y
R,1,51-9123.00,"Painting, Coating, and Decorating Workers",
R,1,47-2161.00,Plasterers and Stucco Masons,Y
RC,1,51-6021.00,"Pressers, Textile, Garment, and Related Materials",
RC,1,47-5051.00,"Rock Splitters, Quarry",Y
R,1,47-5071.00,"Roustabouts, Oil and Gas",Y
R,1,47-4071.00,Septic Tank Servicers and Sewer Pipe Cleaners,Y
RC,1,51-6031.00,Sewing Machine Operators,
RC,2,51-9191.00,Adhesive Bonding Machine Operators and Tenders,
RCI,2,45-2011.00,Agricultural Inspectors,
RC,2,51-2011.00,"Aircraft Structure, Surfaces, Rigging, and Systems Assemblers",
RS,2,53-3011.00,"Ambulance Drivers and Attendants, Except Emergency Medical Technicians",Y
RI,2,45-2021.00,Animal Breeders,
RC,2,39-2021.00,Animal Caretakers,Y
RSC,2,33-9011.00,Animal Control Workers,
R,2,39-2011.00,Animal Trainers,Y
RE,2,27-2021.00,Athletes and Sports Competitors,
RC,2,53-6031.00,Automotive and Watercraft Service Attendants,
R,2,49-3021.00,Automotive Body and Related Repairers,
RCE,2,49-3022.00,Automotive Glass Installers and Repairers,
RC,2,39-6011.00,Baggage Porters and Bellhops,
RC,2,51-3011.00,Bakers,Y
RCI,2,49-3091.00,Bicycle Repairers,
RCI,2,51-8099.01,Biofuels Processing Technicians,
RCI,2,51-8013.03,Biomass Plant Technicians,
RCI,2,47-2021.00,Brickmasons and Blockmasons,
RCE,2,53-6011.00,Bridge and Lock Tenders,
RS,2,53-3052.00,"Bus Drivers, Transit and Intercity",Y
RCE,2,51-3021.00,Butchers and Meat Cutters,
RC,2,51-7011.00,Cabinetmakers and Bench Carpenters,
RCI,2,47-2031.00,Carpenters,
RE,2,47-2041.00,Carpet Installers,
RC,2,51-9011.00,Chemical Equipment Operators and Tenders,
RC,2,51-8091.00,Chemical Plant and System Operators,
RC,2,53-7061.00,Cleaners of Vehicles and Equipment,
RC,2,51-9192.00,"Cleaning, Washing, and Metal Pickling Equipment Operators and Tenders",
RCI,2,51-9124.00,"Coating, Painting, and Spraying Machine Setters, Operators, and Tenders",
RCI,2,51-2021.00,"Coil Winders, Tapers, and Finishers",
RC,2,49-9091.00,"Coin, Vending, and Amusement Machine Servicers and Repairers",
RC,2,47-2061.00,Construction Laborers,Y
RCI,2,47-5041.00,Continuous Mining Machine Operators,
RC,2,35-2012.00,"Cooks, Institution and Cafeteria",
RE,2,35-2014.00,"Cooks, Restaurant",Y
RC,2,35-2015.00,"Cooks, Short Order",
RCI,2,51-9193.00,Cooling and Freezing Equipment Operators and Tenders,
REC,2,33-3012.00,Correctional Officers and Jailers,
RCE,2,43-5021.00,Couriers and Messengers,
RCI,2,51-9021.00,"Crushing, Grinding, and Polishing Machine Setters, Operators, and Tenders",
RC,2,51-9032.00,"Cutting and Slicing Machine Setters, Operators, and Tenders",
RC,2,51-4031.00,"Cutting, Punching, and Press Machine Setters, Operators, and Tenders, Metal and Plastic",
RIC,2,51-9081.00,Dental Laboratory Technicians,Y
R,2,53-7031.00,Dredge Operators,
RCI,2,51-4032.00,"Drilling and Boring Machine Tool Setters, Operators, and Tenders, Metal and Plastic",
RE,2,53-3031.00,Driver/Sales Workers,
RC,2,47-2081.00,Drywall and Ceiling Tile Installers,
RIC,2,47-5023.00,"Earth Drillers, Except Oil and Gas",Y
RC,2,51-2022.00,Electrical and Electronic Equipment Assemblers,
RIC,2,49-9051.00,Electrical Power-Line Installers and Repairers,
RCI,2,51-2023.00,Electromechanical Equipment Assemblers,
RC,2,51-2031.00,Engine and Other Machine Assemblers,
RC,2,51-9194.00,Etchers and Engravers,
R,2,47-5022.00,"Excavating and Loading Machine and Dragline Operators, Surface Mining",
RIC,2,47-5032.00,"Explosives Workers, Ordnance Handling Experts, and Blasters",
RC,2,51-4021.00,"Extruding and Drawing Machine Setters, Operators, and Tenders, Metal and Plastic",
R,2,51-6091.00,"Extruding and Forming Machine Setters, Operators, and Tenders, Synthetic and Glass Fibers",
RCI,2,51-9041.00,"Extruding, Forming, Pressing, and Compacting Machine Setters, Operators, and Tenders",
R,2,45-2093.00,"Farmworkers, Farm, Ranch, and Aquacultural Animals",
RC,2,47-4031.00,Fence Erectors,
RCI,2,51-2051.00,Fiberglass Laminators and Fabricators,
RC,2,47-2042.00,"Floor Layers, Except Carpet, Wood, and Hard Tiles",
RC,2,51-3091.00,"Food and Tobacco Roasting, Baking, and Drying Machine Operators and Tenders",
RC,2,51-3092.00,Food Batchmakers,
RC,2,51-3093.00,Food Cooking Machine Operators and Tenders,
RCI,2,51-4022.00,"Forging Machine Setters, Operators, and Tenders, Metal and Plastic",
RC,2,51-4071.00,Foundry Mold and Coremakers,
RC,2,51-9051.00,"Furnace, Kiln, Oven, Drier, and Kettle Operators and Tenders",
RA,2,51-7021.00,Furniture Finishers,
RCE,2,33-9031.00,Gambling Surveillance Officers and Gambling Investigators,
RC,2,53-7071.00,Gas Compressor and Gas Pumping Station Operators,
RC,2,49-9099.01,Geothermal Technicians,
RCA,2,51-9195.04,"Glass Blowers, Molders, Benders, and Finishers",
RC,2,47-2121.00,Glaziers,
R,2,51-4033.00,"Grinding, Lapping, Polishing, and Buffing Machine Tool Setters, Operators, and Tenders, Metal and Plastic",
RC,2,51-4191.00,"Heat Treating Equipment Setters, Operators, and Tenders, Metal and Plastic",
RC,2,53-3032.00,Heavy and Tractor-Trailer Truck Drivers,Y
R,2,47-3011.00,"Helpers--Brickmasons, Blockmasons, Stonemasons, and Tile and Marble Setters",
RC,2,47-3012.00,Helpers--Carpenters,
RC,2,47-3013.00,Helpers--Electricians,
RC,2,47-5081.00,Helpers--Extraction Workers,
RCI,2,49-9098.00,"Helpers--Installation, Maintenance, and Repair Workers",
R,2,47-3015.00,"Helpers--Pipelayers, Plumbers, Pipefitters, and Steamfitters",
RC,2,51-9198.00,Helpers--Production Workers,
RC,2,47-3016.00,Helpers--Roofers,
RC,2,47-4051.00,Highway Maintenance Workers,
REC,2,53-7041.00,Hoist and Winch Operators,
RCI,2,49-9031.00,Home Appliance Repairers,
RC,2,53-7051.00,Industrial Truck and Tractor Operators,
R,2,47-2131.00,"Insulation Workers, Floor, Ceiling, and Wall",
RCI,2,47-2132.00,"Insulation Workers, Mechanical",
RC,2,37-2011.00,"Janitors and Cleaners, Except Maids and Housekeeping Cleaners",Y
R,2,53-7062.00,"Laborers and Freight, Stock, and Material Movers, Hand",Y
RIC,2,51-4034.00,"Lathe and Turning Machine Tool Setters, Operators, and Tenders, Metal and Plastic",
RCI,2,51-4192.00,"Layout Workers, Metal and Plastic",
RS,2,33-9092.00,"Lifeguards, Ski Patrol, and Other Recreational Protective Service Workers",
RC,2,53-3033.00,Light Truck Drivers,
RC,2,47-5044.00,"Loading and Moving Machine Operators, Underground Mining",
RC,2,49-9094.00,Locksmiths and Safe Repairers,
RC,2,53-4011.00,Locomotive Engineers,
RC,2,45-4023.00,Log Graders and Scalers,
RC,2,53-7063.00,Machine Feeders and Offbearers,
RES,2,39-5092.00,Manicurists and Pedicurists,Y
RC,2,49-9095.00,Manufactured Building and Mobile Home Installers,
R,2,49-9011.00,Mechanical Door Repairers,
RCI,2,31-9093.00,Medical Equipment Preparers,Y
RIC,2,51-4051.00,Metal-Refining Furnace Operators and Tenders,
RC,2,51-4035.00,"Milling and Planing Machine Setters, Operators, and Tenders, Metal and Plastic",
RCI,2,49-9044.00,Millwrights,
RCI,2,51-9023.00,"Mixing and Blending Machine Setters, Operators, and Tenders",
RC,2,51-9195.00,"Molders, Shapers, and Casters, Except Metal and Plastic",
RCI,2,51-4072.00,"Molding, Coremaking, and Casting Machine Setters, Operators, and Tenders, Metal and Plastic",
RC,2,39-3021.00,Motion Picture Projectionists,
RCE,2,53-5022.00,Motorboat Operators,
R,2,51-4081.00,"Multiple Machine Tool Setters, Operators, and Tenders, Metal and Plastic",
RIC,2,17-3029.01,Non-Destructive Testing Specialists,
RC,2,43-9071.00,"Office Machine Operators, Except Computer",
RCI,2,47-2073.00,Operating Engineers and Other Construction Equipment Operators,
RC,2,51-9083.00,Ophthalmic Laboratory Technicians,
RC,2,49-3053.00,Outdoor Power Equipment and Other Small Engine Mechanics,
RC,2,51-9111.00,Packaging and Filling Machine Operators and Tenders,
RC,2,53-7064.00,"Packers and Packagers, Hand",
RC,2,47-2141.00,"Painters, Construction and Maintenance",
RC,2,51-9196.00,"Paper Goods Machine Setters, Operators, and Tenders",
RC,2,47-2142.00,Paperhangers,
RC,2,53-6021.00,Parking Attendants,
RC,2,33-3041.00,Parking Enforcement Workers,
RSE,2,53-6061.00,Passenger Attendants,
RC,2,47-2071.00,"Paving, Surfacing, and Tamping Equipment Operators",
RC,2,37-2021.00,Pest Control Workers,Y
RC,2,37-3012.00,"Pesticide Handlers, Sprayers, and Applicators, Vegetation",
RC,2,51-8093.00,"Petroleum Pump System Operators, Refinery Operators, and Gaugers",
RCI,2,47-2072.00,Pile Driver Operators,
R,2,47-2151.00,Pipelayers,Y
RC,2,51-4193.00,"Plating Machine Setters, Operators, and Tenders, Metal and Plastic",
RC,2,51-4052.00,"Pourers and Casters, Metal",
RC,2,51-8013.00,Power Plant Operators,
RC,2,51-5113.00,Print Binding and Finishing Workers,
RC,2,51-5112.00,Printing Press Operators,
RCI,2,53-7072.00,"Pump Operators, Except Wellhead Pumpers",
RCI,2,49-3043.00,Rail Car Repairers,
RCI,2,53-4013.00,"Rail Yard Engineers, Dinkey Operators, and Hostlers",
R,2,47-4061.00,Rail-Track Laying and Maintenance Equipment Operators,
RCE,2,53-4022.00,"Railroad Brake, Signal, and Switch Operators and Locomotive Firers",
RIC,2,49-3092.00,Recreational Vehicle Service Technicians,
RC,2,53-7062.04,Recycling and Reclamation Workers,Y
RCI,2,49-9045.00,"Refractory Materials Repairers, Except Brickmasons",
RC,2,53-7081.00,Refuse and Recyclable Material Collectors,Y
RCI,2,47-2171.00,Reinforcing Iron and Rebar Workers,
RCI,2,49-9096.00,Riggers,
RC,2,51-4023.00,"Rolling Machine Setters, Operators, and Tenders, Metal and Plastic",
RC,2,47-5043.00,"Roof Bolters, Mining",
RC,2,47-2181.00,Roofers,
REC,2,47-5012.00,"Rotary Drill Operators, Oil and Gas",
RC,2,53-5011.00,Sailors and Marine Oilers,
RCI,2,51-7041.00,"Sawing Machine Setters, Operators, and Tenders, Wood",
RCE,2,33-9032.00,Security Guards,Y
RC,2,47-4091.00,Segmental Pavers,
RCI,2,51-9141.00,Semiconductor Processing Technicians,
RCI,2,51-9012.00,"Separating, Filtering, Clarifying, Precipitating, and Still Machine Setters, Operators, and Tenders",
RCI,2,47-5013.00,"Service Unit Operators, Oil and Gas",
RAC,2,51-6051.00,"Sewers, Hand",
REC,2,39-5093.00,Shampooers,
R,2,47-2211.00,Sheet Metal Workers,
RCA,2,51-6041.00,Shoe and Leather Workers and Repairers,
RC,2,51-6042.00,Shoe Machine Operators and Tenders,
RC,2,51-3023.00,Slaughterers and Meat Packers,
RC,2,47-2231.00,Solar Photovoltaic Installers,
RA,2,51-9195.03,"Stone Cutters and Carvers, Manufacturing",
RIC,2,47-2221.00,Structural Iron and Steel Workers,
RC,2,53-4041.00,Subway and Streetcar Operators,
RAE,2,51-6052.00,"Tailors, Dressmakers, and Custom Sewers",
RC,2,53-7121.00,"Tank Car, Truck, and Ship Loaders",
R,2,47-2082.00,Tapers,
RCE,2,51-2092.00,Team Assemblers,
RE,2,49-9052.00,Telecommunications Line Installers and Repairers,
R,2,47-2053.00,Terrazzo Workers and Finishers,
R,2,51-6061.00,Textile Bleaching and Dyeing Machine Operators and Tenders,
RC,2,51-6062.00,"Textile Cutting Machine Setters, Operators, and Tenders",
RC,2,51-6063.00,"Textile Knitting and Weaving Machine Setters, Operators, and Tenders",
RC,2,51-6064.00,"Textile Winding, Twisting, and Drawing Out Machine Setters, Operators, and Tenders",
RCA,2,47-2044.00,Tile and Stone Setters,
RC,2,51-2061.00,Timing Device Assemblers and Adjusters,
RC,2,51-9197.00,Tire Builders,
RC,2,49-3093.00,Tire Repairers and Changers,
RC,2,51-4194.00,"Tool Grinders, Filers, and Sharpeners",
REC,2,33-9093.00,Transportation Security Screeners,
RCI,2,53-6051.07,"Transportation Vehicle, Equipment and Systems Inspectors, Except Aviation",
R,2,37-3013.00,Tree Trimmers and Pruners,
REC,2,27-2023.00,"Umpires, Referees, and Other Sports Officials",Y
R,2,51-6093.00,Upholsterers,
RSI,2,31-9096.00,Veterinary Assistants and Laboratory Animal Caretakers,
RC,2,47-4099.03,Weatherization Installers and Technicians,
RCI,2,51-4121.00,"Welders, Cutters, Solderers, and Brazers",
RC,2,51-4122.00,"Welding, Soldering, and Brazing Machine Setters, Operators, and Tenders",
RCI,2,53-7073.00,Wellhead Pumpers,
RCI,2,51-7042.00,"Woodworking Machine Setters, Operators, and Tenders, Except Sawing",
RIC,3,17-3021.00,Aerospace Engineering and Operations Technologists and Technicians,Y
RIC,3,19-4012.00,Agricultural Technicians,
RCI,3,49-3011.00,Aircraft Mechanics and Service Technicians,
RCA,3,17-3011.00,Architectural and Civil Drafters,
RIC,3,27-4011.00,Audio and Video Technicians,Y
RC,3,49-2097.00,Audiovisual Equipment Installers and Repairers,
RIC,3,17-3027.01,Automotive Engineering Technicians,
RIC,3,49-3023.00,Automotive Service Technicians and Mechanics,
RCI,3,53-6051.01,Aviation Inspectors,
RIC,3,49-2091.00,Avionics Technicians,
RCE,3,33-3011.00,Bailiffs,
REC,3,39-5011.00,Barbers,Y
RC,3,47-2011.00,Boilermakers,
RCI,3,27-4012.00,Broadcast Technicians,
RC,3,49-3031.00,Bus and Truck Mechanics and Diesel Engine Specialists,
RCI,3,49-9061.00,Camera and Photographic Equipment Repairers,
RA,3,27-4031.00,"Camera Operators, Television, Video, and Film",Y
REC,3,53-5021.00,"Captains, Mates, and Pilots of Water Vessels",
RIS,3,29-2031.00,Cardiovascular Technologists and Technicians,
RCI,3,17-3022.00,Civil Engineering Technologists and Technicians,
R,3,49-9092.00,Commercial Divers,Y
RIE,3,53-2012.00,Commercial Pilots,
RC,3,51-9161.00,Computer Numerically Controlled Tool Operators,
RIC,3,15-1232.00,Computer User Support Specialists,Y
RCI,3,49-2011.00,"Computer, Automated Teller, and Office Machine Repairers",
RCI,3,47-4011.00,Construction and Building Inspectors,
RCI,3,49-9012.00,"Control and Valve Installers and Repairers, Except Mechanical Door",
RCI,3,53-7021.00,Crane and Tower Operators,
RC,3,49-2092.00,"Electric Motor, Power Tool, and Related Repairers",
RIC,3,17-3023.00,Electrical and Electronic Engineering Technologists and Technicians,
RCI,3,17-3012.00,Electrical and Electronics Drafters,
RC,3,49-2093.00,"Electrical and Electronics Installers and Repairers, Transportation Equipment",
RIC,3,49-2094.00,"Electrical and Electronics Repairers, Commercial and Industrial Equipment",
RC,3,49-2095.00,"Electrical and Electronics Repairers, Powerhouse, Substation, and Relay",
RIC,3,47-2111.00,Electricians,Y
RIC,3,17-3024.00,Electro-Mechanical and Mechatronics Technologists and Technicians,
RIC,3,49-2096.00,"Electronic Equipment Installers and Repairers, Motor Vehicles",
RIC,3,47-4021.00,Elevator and Escalator Installers and Repairers,Y
RCI,3,39-4011.00,Embalmers,
RIC,3,31-9099.02,Endoscopy Technicians,
RAC,3,51-6092.00,Fabric and Apparel Patternmakers,
RCI,3,49-3041.00,Farm Equipment Mechanics and Service Technicians,
RCI,3,33-2021.00,Fire Inspectors and Investigators,
RSE,3,33-2011.00,Firefighters,Y
RIC,3,19-4013.00,Food Science Technicians,
RIE,3,19-4071.00,Forest and Conservation Technicians,
RCI,3,45-4011.00,Forest and Conservation Workers,
RCE,3,33-2022.00,Forest Fire Inspectors and Prevention Specialists,
RC,3,51-8092.00,Gas Plant Operators,
RI,3,51-9071.06,Gem and Diamond Workers,
RC,3,47-4041.00,Hazardous Materials Removal Workers,Y
RCI,3,49-9021.00,"Heating, Air Conditioning, and Refrigeration Mechanics and Installers",
RCI,3,51-8013.04,Hydroelectric Plant Technicians,
RIC,3,49-9041.00,Industrial Machinery Mechanics,
RAC,3,51-9071.00,Jewelers and Precious Stone and Metal Workers,
RCI,3,51-4041.00,Machinists,
RCS,3,29-2035.00,Magnetic Resonance Imaging Technologists,
RCI,3,49-9071.00,"Maintenance and Repair Workers, General",Y
RCI,3,49-9043.00,"Maintenance Workers, Machinery",
RCI,3,17-3013.00,Mechanical Drafters,
RI,3,17-3027.00,Mechanical Engineering Technologists and Technicians,
RIC,3,29-2012.00,Medical and Clinical Laboratory Technicians,Y
RIS,3,51-9082.00,Medical Appliance Technicians,
RIC,3,49-9062.00,Medical Equipment Repairers,Y
RC,3,49-3042.00,"Mobile Heavy Equipment Mechanics, Except Engines",
RIC,3,51-4061.00,"Model Makers, Metal and Plastic",
RAC,3,51-7031.00,"Model Makers, Wood",
RCI,3,49-3051.00,Motorboat Mechanics and Service Technicians,
R,3,49-3052.00,Motorcycle Mechanics,
RAI,3,49-9063.00,Musical Instrument Repairers and Tuners,
RI,3,29-2099.01,Neurodiagnostic Technologists,
RCI,3,19-4051.02,Nuclear Monitoring Technicians,
RCE,3,51-8011.00,Nuclear Power Reactor Operators,
RCI,3,19-4051.00,Nuclear Technicians,
RCI,3,51-4062.00,"Patternmakers, Metal and Plastic",
RIA,3,51-7032.00,"Patternmakers, Wood",
RIC,3,17-3029.08,Photonics Technicians,
RCI,3,47-2152.00,"Plumbers, Pipefitters, and Steamfitters",
RA,3,51-9195.05,"Potters, Manufacturing",
RIC,3,51-8012.00,Power Distributors and Dispatchers,
RC,3,51-5111.00,Prepress Technicians and Workers,
RC,3,49-2021.00,"Radio, Cellular, and Tower Equipment Installers and Repairers",
RSC,3,29-2034.00,Radiologic Technologists and Technicians,Y
RI,3,17-3024.01,Robotics Technicians,
RC,3,49-2098.00,Security and Fire Alarm Systems Installers,Y
RCE,3,53-5031.00,Ship Engineers,
RC,3,49-9097.00,Signal and Track Switch Repairers,
RC,3,47-2152.04,Solar Thermal Installers and Technicians,
RA,3,27-4014.00,Sound Engineering Technicians,
RIC,3,51-8021.00,Stationary Engineers and Boiler Operators,
R,3,47-2022.00,Stonemasons,
RC,3,51-2041.00,Structural Metal Fabricators and Fitters,
RSC,3,29-2055.00,Surgical Technologists,Y
REC,3,15-1241.01,Telecommunications Engineering Specialists,Y
RIC,3,49-2022.00,"Telecommunications Equipment Installers and Repairers, Except Line Installers",
RIC,3,51-4111.00,Tool and Die Makers,
RIE,3,53-6041.00,Traffic Technicians,Y
REC,3,33-3052.00,Transit and Railroad Police,
RI,3,29-2056.00,Veterinary Technologists and Technicians,Y
RCI,3,49-9064.00,Watch and Clock Repairers,
RC,3,51-8031.00,Water and Wastewater Treatment Plant and System Operators,
RC,3,49-9081.00,Wind Turbine Service Technicians,Y
RCI,4,53-2011.00,"Airline Pilots, Copilots, and Flight Engineers",Y
RI,4,17-2141.02,Automotive Engineers,Y
RIC,4,19-4021.00,Biological Technicians,Y
RIC,4,17-1021.00,Cartographers and Photogrammetrists,Y
RIC,4,17-2051.00,Civil Engineers,Y
REC,4,15-1231.00,Computer Network Support Specialists,Y
RIE,4,19-1031.00,Conservation Scientists,Y
RIC,4,17-3025.00,Environmental Engineering Technologists and Technicians,Y
RI,4,33-3031.00,Fish and Game Wardens,
RIE,4,19-1032.00,Foresters,Y
RI,4,17-2141.01,Fuel Cell Engineers,Y
RIC,4,19-4043.00,"Geological Technicians, Except Hydrologic Technicians",Y
RI,4,17-2112.03,Manufacturing Engineers,Y
RA,4,25-4013.00,Museum Technicians and Conservators,Y
RCI,4,17-3026.01,Nanotechnology Engineering Technologists and Technicians,Y
RIC,4,19-4012.01,Precision Agriculture Technicians,Y
RIC,4,17-2072.01,Radio Frequency Identification Device Specialists,
RIE,4,19-1031.02,Range Managers,Y
RIC,4,19-4099.03,Remote Sensing Technicians,Y
RI,4,17-2199.11,Solar Energy Systems Engineers,Y
RCI,4,17-1022.00,Surveyors,Y
RI,4,17-2051.01,Transportation Engineers,Y
RCE,4,53-6051.00,Transportation Inspectors,Y
RIE,4,17-2199.10,Wind Energy Engineers,
RSI,5,29-1071.01,Anesthesiologist Assistants,Y
RSI,5,29-1022.00,Oral and Maxillofacial Surgeons,Y
RI,5,19-2099.01,Remote Sensing Scientists and Technologists,Y
SR,5,25-2059.01,Adapted Physical Education Specialists,Y
IR,5,19-1011.00,Animal Scientists,Y
ERI,5,11-9041.00,Architectural and Engineering Managers,Y
SRI,5,29-9091.00,Athletic Trainers,Y
IRC,5,15-1221.00,Computer and Information Research Scientists,Y
IR,5,29-2011.02,Cytotechnologists,Y
IRE,5,19-2041.02,Environmental Restoration Planners,Y
IR,5,19-2042.00,"Geoscientists, Except Hydrologists and Geographers",Y
IR,5,17-2112.01,Human Factors Engineers and Ergonomists,Y
IRA,5,19-1042.00,"Medical Scientists, Except Epidemiologists",Y
SR,5,29-9099.01,Midwives,Y
IRS,5,29-1151.00,Nurse Anesthetists,Y
SRI,5,29-2091.00,Orthotists and Prosthetists,Y
IR,5,19-2012.00,Physicists,Y
IR,5,19-1013.00,Soil and Plant Scientists,Y
IR,5,29-1131.00,Veterinarians,Y
RCS,1,35-9011.00,Dining Room and Cafeteria Attendants and Bartender Helpers,Y
RCS,1,35-3023.00,Fast Food and Counter Workers,Y
SA,2,39-9011.00,Childcare Workers,Y
SER,2,33-9091.00,Crossing Guards and Flaggers,Y
SRE,2,35-3041.00,"Food Servers, Nonrestaurant",Y
SER,2,39-4021.00,Funeral Attendants,Y
SR,2,31-1121.00,Home Health Aides,Y
SEC,2,39-3093.00,"Locker Room, Coatroom, and Dressing Room Attendants",Y
SAE,2,39-9011.01,Nannies,Y
SRC,2,31-1122.00,Personal Care Aides,Y
SR,2,31-2022.00,Physical Therapist Aides,Y
SRC,2,31-1133.00,Psychiatric Aides,Y
SCE,2,39-3031.00,"Ushers, Lobby Attendants, and Ticket Takers",Y
SEC,2,35-3031.00,Waiters and Waitresses,Y
RS,2,53-3011.00,"Ambulance Drivers and Attendants, Except Emergency Medical Technicians",Y
RS,2,53-3052.00,"Bus Drivers, Transit and Intercity",Y
ESC,2,43-4051.00,Customer Service Representatives,Y
ESC,2,53-2031.00,Flight Attendants,Y
ES,2,35-9031.00,"Hosts and Hostesses, Restaurant, Lounge, and Coffee Shop",Y
RS,2,33-9092.00,"Lifeguards, Ski Patrol, and Other Recreational Protective Service Workers",Y
CS,2,43-6013.00,Medical Secretaries and Administrative Assistants,Y
RSI,2,31-9096.00,Veterinary Assistants and Laboratory Animal Caretakers,Y
SIR,3,29-1141.01,Acute Care Nurses,Y
SR,3,25-1194.00,"Career/Technical Education Teachers, Postsecondary",
SE,3,39-6012.00,Concierges,Y
SRC,3,29-1292.00,Dental Hygienists,Y
SIR,3,29-2051.00,Dietetic Technicians,Y
SCE,3,43-4061.00,"Eligibility Interviewers, Government Programs",Y
SRE,3,39-9031.00,Exercise Trainers and Group Fitness Instructors,Y
SIR,3,29-2092.00,Hearing Aid Specialists,Y
SR,3,29-2061.00,Licensed Practical and Licensed Vocational Nurses,Y
SR,3,31-9011.00,Massage Therapists,Y
SCR,3,31-9092.00,Medical Assistants,Y
SCR,3,31-1131.00,Nursing Assistants,Y
SR,3,31-2012.00,Occupational Therapy Aides,
SR,3,31-2011.00,Occupational Therapy Assistants,Y
SE,3,29-2099.08,Patient Representatives,Y
SRI,3,31-2021.00,Physical Therapist Assistants,Y
SA,3,25-2011.00,"Preschool Teachers, Except Special Education",Y
SER,3,29-2053.00,Psychiatric Technicians,Y
SRC,3,29-1124.00,Radiation Therapists,Y
SEC,3,39-9041.00,Residential Advisors,Y
SIR,3,29-1126.00,Respiratory Therapists,
SAE,3,25-3021.00,Self-Enrichment Teachers,Y
SC,3,31-9099.01,Speech-Language Pathology Assistants,Y
SE,3,39-7011.00,Tour Guides and Escorts,
SI,3,25-3041.00,Tutors,Y
SAE,4,25-3011.00,"Adult Basic Education, Adult Secondary Education, and English as a Second Language Instructors",
SAC,4,25-2023.00,"Career/Technical Education Teachers, Middle School",
S,4,25-2032.00,"Career/Technical Education Teachers, Secondary School",
SE,4,21-1021.00,"Child, Family, and School Social Workers",Y
SRE,4,27-2022.00,Coaches and Scouts,Y
SIE,4,21-1094.00,Community Health Workers,Y
SIR,4,29-1141.03,Critical Care Nurses,Y
SEC,4,11-9031.00,"Education and Childcare Administrators, Preschool and Daycare",
SAC,4,25-2021.00,"Elementary School Teachers, Except Special Education",Y
SE,4,11-9161.00,Emergency Management Directors,Y
SEC,4,13-1041.03,Equal Opportunity Representatives and Officers,Y
SIR,4,29-1128.00,Exercise Physiologists,Y
SE,4,21-1091.00,Health Education Specialists,Y
SI,4,15-1211.01,Health Informatics Specialists,Y
SA,4,25-2012.00,"Kindergarten Teachers, Except Special Education",
SA,4,25-2022.00,"Middle School Teachers, Except Special and Career/Technical Education",Y
SAI,4,29-1129.02,Music Therapists,Y
SRA,4,19-1031.03,Park Naturalists,Y
SEC,4,21-1092.00,Probation Officers and Correctional Treatment Specialists,Y
SEA,4,39-9032.00,Recreation Workers,Y
SA,4,29-1125.00,Recreational Therapists,Y
SIC,4,29-1141.00,Registered Nurses,Y
SI,4,21-1015.00,Rehabilitation Counselors,Y
SAE,4,25-2031.00,"Secondary School Teachers, Except Special and Career/Technical Education",
SA,4,25-2057.00,"Special Education Teachers, Middle School",
SI,4,25-2058.00,"Special Education Teachers, Secondary School",
SAC,4,13-1151.00,Training and Development Specialists,Y
SRI,5,29-1291.00,Acupuncturists,
SR,5,25-2059.01,Adapted Physical Education Specialists,Y
SI,5,29-1141.02,Advanced Practice Psychiatric Nurses,Y
SIR,5,25-1041.00,"Agricultural Sciences Teachers, Postsecondary",
SI,5,25-1061.00,"Anthropology and Archeology Teachers, Postsecondary",
SE,5,23-1022.00,"Arbitrators, Mediators, and Conciliators",Y
SA,5,25-1031.00,"Architecture Teachers, Postsecondary",
SIA,5,25-1062.00,"Area, Ethnic, and Cultural Studies Teachers, Postsecondary",Y
SAI,5,29-1129.01,Art Therapists,
SA,5,25-1121.00,"Art, Drama, and Music Teachers, Postsecondary",
SRI,5,29-9091.00,Athletic Trainers,Y
SI,5,25-1051.00,"Atmospheric, Earth, Marine, and Space Sciences Teachers, Postsecondary",
SI,5,25-1042.00,"Biological Science Teachers, Postsecondary",
SEI,5,25-1011.00,"Business Teachers, Postsecondary",
SIR,5,25-1052.00,"Chemistry Teachers, Postsecondary",
SIR,5,29-1011.00,Chiropractors,Y
SEA,5,21-2011.00,Clergy,
SA,5,25-1122.00,"Communications Teachers, Postsecondary",
SIC,5,25-1021.00,"Computer Science Teachers, Postsecondary",
SI,5,25-1111.00,"Criminal Justice and Law Enforcement Teachers, Postsecondary",
SI,5,25-1063.00,"Economics Teachers, Postsecondary",
SAI,5,25-1081.00,"Education Teachers, Postsecondary",
S,5,21-1012.00,"Educational, Guidance, and Career Counselors and Advisors",Y
SIR,5,25-1032.00,"Engineering Teachers, Postsecondary",
SAI,5,25-1123.00,"English Language and Literature Teachers, Postsecondary",
SIA,5,25-1053.00,"Environmental Science Teachers, Postsecondary",
SIA,5,25-1192.00,"Family and Consumer Sciences Teachers, Postsecondary",
SRE,5,25-9021.00,Farm and Home Management Educators,
SAI,5,25-1124.00,"Foreign Language and Literature Teachers, Postsecondary",
SIR,5,25-1043.00,"Forestry and Conservation Science Teachers, Postsecondary",
SIA,5,29-9092.00,Genetic Counselors,Y
SI,5,25-1064.00,"Geography Teachers, Postsecondary",
SI,5,25-1071.00,"Health Specialties Teachers, Postsecondary",
SI,5,21-1022.00,Healthcare Social Workers,Y
SIA,5,25-1125.00,"History Teachers, Postsecondary",
SI,5,29-1229.02,Hospitalists,
SIE,5,25-9031.00,Instructional Coordinators,Y
SIE,5,25-1112.00,"Law Teachers, Postsecondary",Y
SIC,5,25-1082.00,"Library Science Teachers, Postsecondary",
SIR,5,29-1122.01,"Low Vision Therapists, Orientation and Mobility Specialists, and Vision Rehabilitation Therapists",
SAI,5,21-1013.00,Marriage and Family Therapists,Y
SIA,5,25-1022.00,"Mathematical Science Teachers, Postsecondary",
SIA,5,21-1023.00,Mental Health and Substance Abuse Social Workers,
SIA,5,21-1014.00,Mental Health Counselors,Y
SR,5,29-9099.01,Midwives,
SI,5,29-1161.00,Nurse Midwives,
SIR,5,29-1171.00,Nurse Practitioners,Y
SI,5,25-1072.00,"Nursing Instructors and Teachers, Postsecondary",
SI,5,29-1122.00,Occupational Therapists,Y
SRI,5,29-2091.00,Orthotists and Prosthetists,
SAI,5,25-1126.00,"Philosophy and Religion Teachers, Postsecondary",
SIR,5,29-1123.00,Physical Therapists,Y
SIR,5,29-1071.00,Physician Assistants,Y
SI,5,25-1054.00,"Physics Teachers, Postsecondary",
SEA,5,25-1065.00,"Political Science Teachers, Postsecondary",
SIR,5,29-1229.05,Preventive Medicine Physicians,
SIA,5,25-1066.00,"Psychology Teachers, Postsecondary",Y
S,5,25-1193.00,"Recreation and Fitness Studies Teachers, Postsecondary",
SI,5,25-1113.00,"Social Work Teachers, Postsecondary",
SIA,5,25-1067.00,"Sociology Teachers, Postsecondary",
SA,5,25-2051.00,"Special Education Teachers, Preschool",
SIA,5,29-1127.00,Speech-Language Pathologists,Y
SAI,5,21-1011.00,Substance Abuse and Behavioral Disorder Counselors,Y
SC,5,25-9044.00,"Teaching Assistants, Postsecondary",
